{
    "guilds": {
        "1075480726151110656": {
            "owners": [],
            "antiSpam": false,
            "antiLink": false,
            "antiinvites": false,
            "punishment": "mute",
            "whitelisted": [],
            "channel": null,
            "mods": [],
            "modrole": null,
            "ignorechannels": []
        },
        "1125822372281319575": {
            "owners": [],
            "antiSpam": false,
            "antiLink": false,
            "antiinvites": false,
            "punishment": "mute",
            "whitelisted": [],
            "channel": null,
            "mods": [],
            "modrole": null,
            "ignorechannels": []
        },
        "1345801941183234199": {
            "owners": [],
            "antiSpam": false,
            "antiLink": false,
            "antiinvites": false,
            "punishment": "mute",
            "whitelisted": [],
            "channel": null,
            "mods": [],
            "modrole": null,
            "ignorechannels": []
        },
        "1290774288940666963": {
            "owners": [],
            "antiSpam": false,
            "antiLink": false,
            "antiinvites": false,
            "punishment": "mute",
            "whitelisted": [],
            "channel": null,
            "mods": [],
            "modrole": null,
            "ignorechannels": []
        },
        "1344924644947529728": {
            "owners": [
                "1313249323957354637"
            ],
            "antiSpam": false,
            "antiLink": false,
            "antiinvites": false,
            "punishment": "mute",
            "whitelisted": [],
            "channel": null,
            "mods": [],
            "modrole": null,
            "ignorechannels": []
        },
        "1288209713405759581": {
            "owners": [],
            "antiSpam": false,
            "antiLink": false,
            "antiinvites": false,
            "punishment": "mute",
            "whitelisted": [],
            "channel": null,
            "mods": [],
            "modrole": null,
            "ignorechannels": []
        },
        "1345947436912345130": {
            "owners": [],
            "antiSpam": false,
            "antiLink": false,
            "antiinvites": false,
            "punishment": "mute",
            "whitelisted": [],
            "channel": null,
            "mods": [],
            "modrole": null,
            "ignorechannels": []
        },
        "1311141474880196680": {
            "owners": [],
            "antiSpam": false,
            "antiLink": false,
            "antiinvites": false,
            "punishment": "mute",
            "whitelisted": [],
            "channel": null,
            "mods": [],
            "modrole": null,
            "ignorechannels": []
        },
        "1285391712235163733": {
            "owners": [],
            "antiSpam": false,
            "antiLink": false,
            "antiinvites": false,
            "punishment": "mute",
            "whitelisted": [],
            "channel": null,
            "mods": [],
            "modrole": null,
            "ignorechannels": []
        }
    }
}