{
    "guilds": {
        "1088171869611495434": {
            "autodel": null,
            "channel": [],
            "color": null,
            "embed": false,
            "footer": "",
            "image": "",
            "message": "<<user.mention>> Welcome To <<server.name>>",
            "ping": false,
            "title": "",
            "thumbnail": ""
        },
        "1345801941183234199": {
            "autodel": null,
            "channel": [],
            "color": null,
            "embed": false,
            "footer": "",
            "image": "",
            "message": "<<user.mention>> Welcome To <<server.name>>",
            "ping": false,
            "title": "",
            "thumbnail": ""
        },
        "1344924644947529728": {
            "autodel": null,
            "channel": [],
            "color": null,
            "embed": false,
            "footer": "",
            "image": "",
            "message": "<<user.mention>> Welcome To <<server.name>>",
            "ping": false,
            "title": "",
            "thumbnail": ""
        }
    }
}