{
    "OWNER_IDS": [
        1253123535145013362
    ],
    "TOKEN": "MTM0NTgwMjExMTU1OTkyNjAxMA.GzGWDJ.cSYnlrfAamThjqK94geF7q5vyuQrYdDjLosjSQ",
    "BotName": "Incite",
    "serverLink": "https://discord.gg/R3yTeNHRWA",
    "wh_cl": "https://discord.com/api/webhooks/1345802740504199289/FIKckeUYncbl5FWmZAoCuEQkcCGhnbFTiRrG65FATheOwSSEb1LHU1B9Y6aw0mK-Ud3H",
    "wh_bl": "https://discord.com/api/webhooks/1345802843927482510/Sn4qTjWi32sRuY_P-Fi8Mmd7eFv-8BETflmlW62eE9NTchvBspE9tVhmNzCCS3w9NNhm",
    "statusText": ".help",
    "EXTENSIONS": [
        "cogs.events"
    ],
    "np": [
        166692371981926400
    ]
}