{
    "1125822372281319575": {
        "channel": []
    },
    "1345801941183234199": {
        "channel": []
    },
    "1290774288940666963": {
        "channel": []
    },
    "1344924644947529728": {
        "channel": []
    },
    "1288209713405759581": {
        "channel": []
    },
    "1345947436912345130": {
        "channel": []
    },
    "1288993869735788635": {
        "channel": []
    },
    "1311141474880196680": {
        "channel": []
    },
    "1285391712235163733": {
        "channel": []
    },
    "1291634127329562645": {
        "channel": []
    },
    "1260651438489473095": {
        "channel": []
    }
}